<!DOCTYPE mapper
        PUBLIC "-//mybatis.org//DTD Mapper 3.0//EN"
        "http://mybatis.org/dtd/mybatis-3-mapper.dtd">
<mapper namespace="com.orgfile.dao.InfoMapper">

    <cache readOnly=""></cache>

    <parameterMap id="baseInfo" type="Info">
        <parameter property="id" resultMap="id"/>
        <parameter property="name" resultMap="name"/>
        <parameter property="myinfo" resultMap="myinfo"/>
    </parameterMap>

    <select id="selectAll" resultType="Info">
        SELECT * FROM info
    </select>

    <update id="update" parameterMap="baseInfo">
        UPDATE info SET name = #{name},myinfo = #{myinfo}
        WHERE id = #{id}
    </update>



    <select id="selectByName" parameterMap="baseInfo"  resultType="Info">
        SELECT * FROM info
        <!--WHERE name LIKE '%#{name}%'
             springboot模糊查询的写法-->
        <if test="name != null and name.trim() != ''">
            WHERE name LIKE  CONCAT(CONCAT('%',#{name},'%'))
            <!--WHERE name LIKE CONCAT(CONCAT('%', #{name}), '%')
            WHERE name LIKE CONCAT('%'#{name}'%')
            concat('%'#{name}'%')-->
        </if>
    </select>

    <insert id="createInfo" parameterMap="baseInfo">
        INSERT INTO info(name,myinfo)
        VALUES(#{name},#{myinfo})
    </insert>

    <delete id="delAll" parameterType="map">
        DELETE FROM info
        WHERE id = #{id}
    </delete>


    <select id="selectList" parameterType="map" resultType="Info">
        SELECT * FROM info
        WHERE id = #{id}
    </select>

    <select id="limitAll" resultType="Info">
        SELECT * FROM info
    </select>

</mapper>