<!DOCTYPE mapper
        PUBLIC "-//mybatis.org//DTD Mapper 3.0//EN"
        "http://mybatis.org/dtd/mybatis-3-mapper.dtd">
<mapper namespace="com.orgfile.dao.PictureMapper">

    <insert id="addPath" parameterType="Picture">
        INSERT INTO t_picture(path,fileName)
        values (#{path},#{fileName})
    </insert>

    <select id="getByid" resultType="Picture" parameterType="Picture">
        SELECT * FROM t_picture
        WHERE id = #{id}
    </select>


    <delete id="deleteAll" parameterType="integer">
        DELETE FROM t_picture
        WHERE id = #{id}
    </delete>

    <select id="getFileAll" resultType="Picture">
        SELECT * FROM t_picture
    </select>

    <delete id="deletePics" parameterType="integer">
        DELETE FROM t_picture
        WHERE id in
        <foreach collection="array" item="id" open="(" close=")" separator="," >
            #{id}
        </foreach>
    </delete>

    <select id="selectByid" resultType="Picture" parameterType="map">
        select * from t_picture
        where id = #{id}
    </select>


</mapper>